{
  "info": {
    "name": "EchoBoard API Collection",
    "schema": "https://schema.getpostman.com/json/collection/v2.1.0/collection.json"
  },
  "item": [
    {
      "name": "Submit Feedback",
      "request": {
        "method": "POST",
        "header": [
          {
            "key": "Content-Type",
            "value": "application/json"
          }
        ],
        "body": {
          "mode": "raw",
          "raw": "{\n    \"name\": \"Raju\",\n    \"message\": \"This is great!\"\n}"
        },
        "url": {
          "raw": "http://localhost:5000/api/feedback",
          "protocol": "http",
          "host": [
            "localhost"
          ],
          "port": "5000",
          "path": [
            "api",
            "feedback"
          ]
        }
      }
    },
    {
      "name": "Admin Login",
      "request": {
        "method": "POST",
        "header": [
          {
            "key": "Content-Type",
            "value": "application/json"
          }
        ],
        "body": {
          "mode": "raw",
          "raw": "{\n    \"username\": \"admin\",\n    \"password\": \"admin123\"\n}"
        },
        "url": {
          "raw": "http://localhost:5000/api/admin/login",
          "protocol": "http",
          "host": [
            "localhost"
          ],
          "port": "5000",
          "path": [
            "api",
            "admin",
            "login"
          ]
        }
      }
    },
    {
      "name": "Get All Feedback (Admin)",
      "request": {
        "method": "GET",
        "header": [
          {
            "key": "Authorization",
            "value": "Bearer {{token}}"
          }
        ],
        "url": {
          "raw": "http://localhost:5000/api/feedback",
          "protocol": "http",
          "host": [
            "localhost"
          ],
          "port": "5000",
          "path": [
            "api",
            "feedback"
          ]
        }
      }
    },
    {
      "name": "Delete Feedback (Admin)",
      "request": {
        "method": "DELETE",
        "header": [
          {
            "key": "Authorization",
            "value": "Bearer {{token}}"
          }
        ],
        "url": {
          "raw": "http://localhost:5000/api/feedback/1",
          "protocol": "http",
          "host": [
            "localhost"
          ],
          "port": "5000",
          "path": [
            "api",
            "feedback",
            "1"
          ]
        }
      }
    }
  ]
}